{
    "explanations": {
        "kernel_shap": {
            "label0": {
                "expected_value": -5.5625467631661065,
                "global_shap_values": {
                    "amount": 0.029046935077588765,
                    "time": 0.11083565789952354,
                    "v1": 0.13474697738882122,
                    "v10": 0.14444738852763525,
                    "v11": 0.3894876065158971,
                    "v12": 1.1233695278946454,
                    "v13": 0.03015907304431811,
                    "v14": 0.31776916952071865,
                    "v15": 0.059848385168501175,
                    "v16": 0.03363280953198512,
                    "v17": 0.21598611368918066,
                    "v18": 0.02088442202738709,
                    "v19": 0.07820673626972154,
                    "v2": 0.06649294588121123,
                    "v20": 0.09207314889395107,
                    "v21": 0.03222866554457074,
                    "v22": 0.020990023049939233,
                    "v23": 0.06003920299968857,
                    "v24": 0.037701589534718694,
                    "v25": 0.017569839545691964,
                    "v26": 0.02776049048220247,
                    "v27": 0.02364836385822123,
                    "v28": 0.023817771641793363,
                    "v3": 0.508931947012682,
                    "v4": 0.4732550018294858,
                    "v5": 0.0362960808671422,
                    "v6": 0.09124294836943277,
                    "v7": 0.039828357108532414,
                    "v8": 0.23538658302496504,
                    "v9": 0.025150160907393526
                }
            }
        }
    },
    "version": "1.0"
}